image_path,label_path,has_label,split,slide_id
C:\Users\saram\OneDrive\Desktop\colon-mtl\dataset_annotated_cncc\training_dataset\images\train\10031_163597_2_HE_AF.svs_356164_patch1.png,,False,train,10031_163597_2_HE_AF.svs_356164
C:\Users\saram\OneDrive\Desktop\colon-mtl\dataset_annotated_cncc\training_dataset\images\train\10031_163597_2_HE_AF.svs_356164_patch10.png,,False,train,10031_163597_2_HE_AF.svs_356164
C:\Users\saram\OneDrive\Desktop\colon-mtl\dataset_annotated_cncc\training_dataset\images\train\10031_163597_2_HE_AF.svs_356164_patch11.png,,False,train,10031_163597_2_HE_AF.svs_356164
C:\Users\saram\OneDrive\Desktop\colon-mtl\dataset_annotated_cncc\training_dataset\images\train\10031_163597_2_HE_AF.svs_356164_patch14.png,,False,train,10031_163597_2_HE_AF.svs_356164
C:\Users\saram\OneDrive\Desktop\colon-mtl\dataset_annotated_cncc\training_dataset\images\train\10031_163597_2_HE_AF.svs_356202_patch19.png,,False,train,10031_163597_2_HE_AF.svs_356202
C:\Users\saram\OneDrive\Desktop\colon-mtl\dataset_annotated_cncc\training_dataset\images\train\10031_163597_2_HE_AF.svs_356357_patch0.png,,False,train,10031_163597_2_HE_AF.svs_356357
C:\Users\saram\OneDrive\Desktop\colon-mtl\dataset_annotated_cncc\training_dataset\images\train\10031_163597_2_HE_AF.svs_356357_patch8.png,,False,train,10031_163597_2_HE_AF.svs_356357
C:\Users\saram\OneDrive\Desktop\colon-mtl\dataset_annotated_cncc\training_dataset\images\train\10374_260370_AF_HE.svs_355768_patch4.png,,False,train,10374_260370_AF_HE.svs_355768
C:\Users\saram\OneDrive\Desktop\colon-mtl\dataset_annotated_cncc\training_dataset\images\train\10374_260370_AF_HE.svs_355768_patch5.png,,False,train,10374_260370_AF_HE.svs_355768
C:\Users\saram\OneDrive\Desktop\colon-mtl\dataset_annotated_cncc\training_dataset\images\train\10374_260370_AF_HE.svs_355768_patch9.png,,False,train,10374_260370_AF_HE.svs_355768
C:\Users\saram\OneDrive\Desktop\colon-mtl\dataset_annotated_cncc\training_dataset\images\train\10374_260370_AF_HE.svs_355819_patch0.png,,False,train,10374_260370_AF_HE.svs_355819
C:\Users\saram\OneDrive\Desktop\colon-mtl\dataset_annotated_cncc\training_dataset\images\train\10374_260370_AF_HE.svs_355819_patch10.png,,False,train,10374_260370_AF_HE.svs_355819
C:\Users\saram\OneDrive\Desktop\colon-mtl\dataset_annotated_cncc\training_dataset\images\train\10374_260370_AF_HE.svs_355819_patch13.png,,False,train,10374_260370_AF_HE.svs_355819
C:\Users\saram\OneDrive\Desktop\colon-mtl\dataset_annotated_cncc\training_dataset\images\train\10374_260370_AF_HE.svs_356032_patch4.png,,False,train,10374_260370_AF_HE.svs_356032
C:\Users\saram\OneDrive\Desktop\colon-mtl\dataset_annotated_cncc\training_dataset\images\train\10374_260370_AF_HE.svs_356083_patch0.png,,False,train,10374_260370_AF_HE.svs_356083
C:\Users\saram\OneDrive\Desktop\colon-mtl\dataset_annotated_cncc\training_dataset\images\train\10374_260370_AF_HE.svs_356083_patch10.png,,False,train,10374_260370_AF_HE.svs_356083
C:\Users\saram\OneDrive\Desktop\colon-mtl\dataset_annotated_cncc\training_dataset\images\train\11091_262478_GB_245097_HE.svs_355065_patch6.png,,False,train,11091_262478_GB_245097_HE.svs_355065
C:\Users\saram\OneDrive\Desktop\colon-mtl\dataset_annotated_cncc\training_dataset\images\train\11091_262478_GB_245097_HE.svs_355102_patch2.png,,False,train,11091_262478_GB_245097_HE.svs_355102
C:\Users\saram\OneDrive\Desktop\colon-mtl\dataset_annotated_cncc\training_dataset\images\train\11512_261910_3_GB_HE.svs_354789_patch1.png,,False,train,11512_261910_3_GB_HE.svs_354789
C:\Users\saram\OneDrive\Desktop\colon-mtl\dataset_annotated_cncc\training_dataset\images\train\11512_261910_3_GB_HE.svs_354789_patch12.png,,False,train,11512_261910_3_GB_HE.svs_354789
C:\Users\saram\OneDrive\Desktop\colon-mtl\dataset_annotated_cncc\training_dataset\images\train\11512_261910_3_GB_HE.svs_354789_patch14.png,,False,train,11512_261910_3_GB_HE.svs_354789
C:\Users\saram\OneDrive\Desktop\colon-mtl\dataset_annotated_cncc\training_dataset\images\train\11512_261910_3_GB_HE.svs_354789_patch16.png,,False,train,11512_261910_3_GB_HE.svs_354789
C:\Users\saram\OneDrive\Desktop\colon-mtl\dataset_annotated_cncc\training_dataset\images\train\1169_262_546_AF_HE.svs_365324_patch4.png,,False,train,1169_262_546_AF_HE.svs_365324
C:\Users\saram\OneDrive\Desktop\colon-mtl\dataset_annotated_cncc\training_dataset\images\train\1169_262_546_AF_HE.svs_365324_patch8.png,,False,train,1169_262_546_AF_HE.svs_365324
C:\Users\saram\OneDrive\Desktop\colon-mtl\dataset_annotated_cncc\training_dataset\images\train\12196_260865_1E_AF_HE.svs_354344_patch15.png,,False,train,12196_260865_1E_AF_HE.svs_354344
C:\Users\saram\OneDrive\Desktop\colon-mtl\dataset_annotated_cncc\training_dataset\images\train\12196_260865_1E_AF_HE.svs_354344_patch19.png,,False,train,12196_260865_1E_AF_HE.svs_354344
C:\Users\saram\OneDrive\Desktop\colon-mtl\dataset_annotated_cncc\training_dataset\images\train\12196_260865_1E_AF_HE.svs_354344_patch2.png,,False,train,12196_260865_1E_AF_HE.svs_354344
C:\Users\saram\OneDrive\Desktop\colon-mtl\dataset_annotated_cncc\training_dataset\images\train\12995_262723_AF_HE.svs_353935_patch11.png,,False,train,12995_262723_AF_HE.svs_353935
C:\Users\saram\OneDrive\Desktop\colon-mtl\dataset_annotated_cncc\training_dataset\images\train\12995_262723_AF_HE.svs_353935_patch2.png,,False,train,12995_262723_AF_HE.svs_353935
C:\Users\saram\OneDrive\Desktop\colon-mtl\dataset_annotated_cncc\training_dataset\images\train\12995_262723_AF_HE.svs_353935_patch3.png,,False,train,12995_262723_AF_HE.svs_353935
C:\Users\saram\OneDrive\Desktop\colon-mtl\dataset_annotated_cncc\training_dataset\images\train\12995_262723_AF_HE.svs_353935_patch4.png,,False,train,12995_262723_AF_HE.svs_353935
C:\Users\saram\OneDrive\Desktop\colon-mtl\dataset_annotated_cncc\training_dataset\images\train\12995_262723_AF_HE.svs_353935_patch6.png,,False,train,12995_262723_AF_HE.svs_353935
C:\Users\saram\OneDrive\Desktop\colon-mtl\dataset_annotated_cncc\training_dataset\images\train\12995_262723_AF_HE.svs_353935_patch7.png,,False,train,12995_262723_AF_HE.svs_353935
C:\Users\saram\OneDrive\Desktop\colon-mtl\dataset_annotated_cncc\training_dataset\images\train\12995_262723_AF_HE.svs_353966_patch1.png,,False,train,12995_262723_AF_HE.svs_353966
C:\Users\saram\OneDrive\Desktop\colon-mtl\dataset_annotated_cncc\training_dataset\images\train\12995_262723_AF_HE.svs_353966_patch10.png,,False,train,12995_262723_AF_HE.svs_353966
C:\Users\saram\OneDrive\Desktop\colon-mtl\dataset_annotated_cncc\training_dataset\images\train\12995_262723_AF_HE.svs_353966_patch11.png,,False,train,12995_262723_AF_HE.svs_353966
C:\Users\saram\OneDrive\Desktop\colon-mtl\dataset_annotated_cncc\training_dataset\images\train\12995_262723_AF_HE.svs_353966_patch13.png,,False,train,12995_262723_AF_HE.svs_353966
C:\Users\saram\OneDrive\Desktop\colon-mtl\dataset_annotated_cncc\training_dataset\images\train\13340_262592_AF_HE.svs_353736_patch3.png,,False,train,13340_262592_AF_HE.svs_353736
C:\Users\saram\OneDrive\Desktop\colon-mtl\dataset_annotated_cncc\training_dataset\images\train\13340_262592_AF_HE.svs_353736_patch4.png,,False,train,13340_262592_AF_HE.svs_353736
C:\Users\saram\OneDrive\Desktop\colon-mtl\dataset_annotated_cncc\training_dataset\images\train\13340_262592_AF_HE.svs_353736_patch6.png,,False,train,13340_262592_AF_HE.svs_353736
C:\Users\saram\OneDrive\Desktop\colon-mtl\dataset_annotated_cncc\training_dataset\images\train\13340_262592_AF_HE.svs_353773_patch1.png,,False,train,13340_262592_AF_HE.svs_353773
C:\Users\saram\OneDrive\Desktop\colon-mtl\dataset_annotated_cncc\training_dataset\images\train\13340_262592_AF_HE.svs_353773_patch4.png,,False,train,13340_262592_AF_HE.svs_353773
C:\Users\saram\OneDrive\Desktop\colon-mtl\dataset_annotated_cncc\training_dataset\images\train\13340_262592_AF_HE.svs_353773_patch5.png,,False,train,13340_262592_AF_HE.svs_353773
C:\Users\saram\OneDrive\Desktop\colon-mtl\dataset_annotated_cncc\training_dataset\images\train\13340_262592_AF_HE.svs_353773_patch7.png,,False,train,13340_262592_AF_HE.svs_353773
C:\Users\saram\OneDrive\Desktop\colon-mtl\dataset_annotated_cncc\training_dataset\images\train\13340_262592_AF_HE.svs_353773_patch8.png,,False,train,13340_262592_AF_HE.svs_353773
C:\Users\saram\OneDrive\Desktop\colon-mtl\dataset_annotated_cncc\training_dataset\images\train\14014_262571_C_AF_HE.svs_353319_patch2.png,,False,train,14014_262571_C_AF_HE.svs_353319
C:\Users\saram\OneDrive\Desktop\colon-mtl\dataset_annotated_cncc\training_dataset\images\train\14014_262571_C_AF_HE.svs_353319_patch20.png,,False,train,14014_262571_C_AF_HE.svs_353319
C:\Users\saram\OneDrive\Desktop\colon-mtl\dataset_annotated_cncc\training_dataset\images\train\14014_262571_C_AF_HE.svs_353319_patch22.png,,False,train,14014_262571_C_AF_HE.svs_353319
C:\Users\saram\OneDrive\Desktop\colon-mtl\dataset_annotated_cncc\training_dataset\images\train\14014_262571_C_AF_HE.svs_353319_patch5.png,,False,train,14014_262571_C_AF_HE.svs_353319
C:\Users\saram\OneDrive\Desktop\colon-mtl\dataset_annotated_cncc\training_dataset\images\train\14014_262571_C_AF_HE.svs_353319_patch8.png,,False,train,14014_262571_C_AF_HE.svs_353319
C:\Users\saram\OneDrive\Desktop\colon-mtl\dataset_annotated_cncc\training_dataset\images\train\14014_262571_C_AF_HE.svs_353319_patch9.png,,False,train,14014_262571_C_AF_HE.svs_353319
C:\Users\saram\OneDrive\Desktop\colon-mtl\dataset_annotated_cncc\training_dataset\images\train\14014_262571_C_AF_HE.svs_353394_patch0.png,,False,train,14014_262571_C_AF_HE.svs_353394
C:\Users\saram\OneDrive\Desktop\colon-mtl\dataset_annotated_cncc\training_dataset\images\train\14014_262571_C_AF_HE.svs_353468_patch8.png,,False,train,14014_262571_C_AF_HE.svs_353468
C:\Users\saram\OneDrive\Desktop\colon-mtl\dataset_annotated_cncc\training_dataset\images\train\15196_263983_VE_21543_HE.svs_352862_patch2.png,,False,train,15196_263983_VE_21543_HE.svs_352862
C:\Users\saram\OneDrive\Desktop\colon-mtl\dataset_annotated_cncc\training_dataset\images\train\15196_263983_VE_21543_HE.svs_352862_patch4.png,,False,train,15196_263983_VE_21543_HE.svs_352862
C:\Users\saram\OneDrive\Desktop\colon-mtl\dataset_annotated_cncc\training_dataset\images\train\15196_263983_VE_21543_HE.svs_352862_patch5.png,,False,train,15196_263983_VE_21543_HE.svs_352862
C:\Users\saram\OneDrive\Desktop\colon-mtl\dataset_annotated_cncc\training_dataset\images\train\15537_265323_A_GB_HE.svs_2054543_patch2.png,,False,train,15537_265323_A_GB_HE.svs_2054543
C:\Users\saram\OneDrive\Desktop\colon-mtl\dataset_annotated_cncc\training_dataset\images\train\15537_265323_A_GB_HE.svs_2054543_patch6.png,,False,train,15537_265323_A_GB_HE.svs_2054543
C:\Users\saram\OneDrive\Desktop\colon-mtl\dataset_annotated_cncc\training_dataset\images\train\15537_265323_A_GB_HE.svs_2054543_patch7.png,,False,train,15537_265323_A_GB_HE.svs_2054543
C:\Users\saram\OneDrive\Desktop\colon-mtl\dataset_annotated_cncc\training_dataset\images\train\15537_265323_A_GB_HE.svs_2054543_patch8.png,,False,train,15537_265323_A_GB_HE.svs_2054543
C:\Users\saram\OneDrive\Desktop\colon-mtl\dataset_annotated_cncc\training_dataset\images\train\15537_265323_A_GB_HE.svs_2054543_patch9.png,,False,train,15537_265323_A_GB_HE.svs_2054543
C:\Users\saram\OneDrive\Desktop\colon-mtl\dataset_annotated_cncc\training_dataset\images\train\15537_265323_A_GB_HE.svs_352646_patch11.png,,False,train,15537_265323_A_GB_HE.svs_352646
C:\Users\saram\OneDrive\Desktop\colon-mtl\dataset_annotated_cncc\training_dataset\images\train\15537_265323_A_GB_HE.svs_352646_patch14.png,,False,train,15537_265323_A_GB_HE.svs_352646
C:\Users\saram\OneDrive\Desktop\colon-mtl\dataset_annotated_cncc\training_dataset\images\train\15537_265323_A_GB_HE.svs_352720_patch19.png,,False,train,15537_265323_A_GB_HE.svs_352720
C:\Users\saram\OneDrive\Desktop\colon-mtl\dataset_annotated_cncc\training_dataset\images\train\15537_265323_A_GB_HE.svs_352757_patch17.png,,False,train,15537_265323_A_GB_HE.svs_352757
C:\Users\saram\OneDrive\Desktop\colon-mtl\dataset_annotated_cncc\training_dataset\images\train\1554_263_149_B_AF_HE.svs_364836_patch1.png,,False,train,1554_263_149_B_AF_HE.svs_364836
C:\Users\saram\OneDrive\Desktop\colon-mtl\dataset_annotated_cncc\training_dataset\images\train\1554_263_149_B_AF_HE.svs_364918_patch1.png,,False,train,1554_263_149_B_AF_HE.svs_364918
C:\Users\saram\OneDrive\Desktop\colon-mtl\dataset_annotated_cncc\training_dataset\images\train\1554_263_149_B_AF_HE.svs_364999_patch2.png,,False,train,1554_263_149_B_AF_HE.svs_364999
C:\Users\saram\OneDrive\Desktop\colon-mtl\dataset_annotated_cncc\training_dataset\images\train\1554_263_149_B_AF_HE.svs_364999_patch5.png,,False,train,1554_263_149_B_AF_HE.svs_364999
C:\Users\saram\OneDrive\Desktop\colon-mtl\dataset_annotated_cncc\training_dataset\images\train\1554_263_149_B_AF_HE.svs_365029_patch2.png,,False,train,1554_263_149_B_AF_HE.svs_365029
C:\Users\saram\OneDrive\Desktop\colon-mtl\dataset_annotated_cncc\training_dataset\images\train\1554_263_149_B_AF_HE.svs_365110_patch4.png,,False,train,1554_263_149_B_AF_HE.svs_365110
C:\Users\saram\OneDrive\Desktop\colon-mtl\dataset_annotated_cncc\training_dataset\images\train\15874_265323_B_GB_HE.svs_352394_patch15.png,,False,train,15874_265323_B_GB_HE.svs_352394
C:\Users\saram\OneDrive\Desktop\colon-mtl\dataset_annotated_cncc\training_dataset\images\train\15874_265323_B_GB_HE.svs_352432_patch7.png,,False,train,15874_265323_B_GB_HE.svs_352432
C:\Users\saram\OneDrive\Desktop\colon-mtl\dataset_annotated_cncc\training_dataset\images\train\15874_265323_B_GB_HE.svs_352513_patch12.png,,False,train,15874_265323_B_GB_HE.svs_352513
C:\Users\saram\OneDrive\Desktop\colon-mtl\dataset_annotated_cncc\training_dataset\images\train\15874_265323_B_GB_HE.svs_352513_patch15.png,,False,train,15874_265323_B_GB_HE.svs_352513
C:\Users\saram\OneDrive\Desktop\colon-mtl\dataset_annotated_cncc\training_dataset\images\train\15874_265323_B_GB_HE.svs_352513_patch21.png,,False,train,15874_265323_B_GB_HE.svs_352513
C:\Users\saram\OneDrive\Desktop\colon-mtl\dataset_annotated_cncc\training_dataset\images\train\15874_265323_B_GB_HE.svs_352513_patch24.png,,False,train,15874_265323_B_GB_HE.svs_352513
C:\Users\saram\OneDrive\Desktop\colon-mtl\dataset_annotated_cncc\training_dataset\images\train\16609_no_code_10_11_2023.svs_351985_patch13.png,,False,train,16609_no_code_10_11_2023.svs_351985
C:\Users\saram\OneDrive\Desktop\colon-mtl\dataset_annotated_cncc\training_dataset\images\train\16609_no_code_10_11_2023.svs_351985_patch15.png,,False,train,16609_no_code_10_11_2023.svs_351985
C:\Users\saram\OneDrive\Desktop\colon-mtl\dataset_annotated_cncc\training_dataset\images\train\16609_no_code_10_11_2023.svs_351985_patch19.png,,False,train,16609_no_code_10_11_2023.svs_351985
C:\Users\saram\OneDrive\Desktop\colon-mtl\dataset_annotated_cncc\training_dataset\images\train\16609_no_code_10_11_2023.svs_351985_patch2.png,,False,train,16609_no_code_10_11_2023.svs_351985
C:\Users\saram\OneDrive\Desktop\colon-mtl\dataset_annotated_cncc\training_dataset\images\train\16609_no_code_10_11_2023.svs_351985_patch20.png,,False,train,16609_no_code_10_11_2023.svs_351985
C:\Users\saram\OneDrive\Desktop\colon-mtl\dataset_annotated_cncc\training_dataset\images\train\16609_no_code_10_11_2023.svs_351985_patch21.png,,False,train,16609_no_code_10_11_2023.svs_351985
C:\Users\saram\OneDrive\Desktop\colon-mtl\dataset_annotated_cncc\training_dataset\images\train\16609_no_code_10_11_2023.svs_351985_patch7.png,,False,train,16609_no_code_10_11_2023.svs_351985
C:\Users\saram\OneDrive\Desktop\colon-mtl\dataset_annotated_cncc\training_dataset\images\train\16609_no_code_10_11_2023.svs_352037_patch2.png,,False,train,16609_no_code_10_11_2023.svs_352037
C:\Users\saram\OneDrive\Desktop\colon-mtl\dataset_annotated_cncc\training_dataset\images\train\16609_no_code_10_11_2023.svs_352037_patch5.png,,False,train,16609_no_code_10_11_2023.svs_352037
C:\Users\saram\OneDrive\Desktop\colon-mtl\dataset_annotated_cncc\training_dataset\images\train\16609_no_code_10_11_2023.svs_352037_patch8.png,,False,train,16609_no_code_10_11_2023.svs_352037
C:\Users\saram\OneDrive\Desktop\colon-mtl\dataset_annotated_cncc\training_dataset\images\train\16609_no_code_10_11_2023.svs_352074_patch0.png,,False,train,16609_no_code_10_11_2023.svs_352074
C:\Users\saram\OneDrive\Desktop\colon-mtl\dataset_annotated_cncc\training_dataset\images\train\16965_2619986B_214328_3_HE.svs_351888_patch23.png,,False,train,16965_2619986B_214328_3_HE.svs_351888
C:\Users\saram\OneDrive\Desktop\colon-mtl\dataset_annotated_cncc\training_dataset\images\train\16965_2619986B_214328_3_HE.svs_351888_patch29.png,,False,train,16965_2619986B_214328_3_HE.svs_351888
C:\Users\saram\OneDrive\Desktop\colon-mtl\dataset_annotated_cncc\training_dataset\images\train\16965_2619986B_214328_3_HE.svs_351888_patch7.png,,False,train,16965_2619986B_214328_3_HE.svs_351888
C:\Users\saram\OneDrive\Desktop\colon-mtl\dataset_annotated_cncc\training_dataset\images\train\16965_2619986B_214328_3_HE.svs_351918_patch0.png,,False,train,16965_2619986B_214328_3_HE.svs_351918
C:\Users\saram\OneDrive\Desktop\colon-mtl\dataset_annotated_cncc\training_dataset\images\train\16965_2619986B_214328_3_HE.svs_351918_patch11.png,,False,train,16965_2619986B_214328_3_HE.svs_351918
C:\Users\saram\OneDrive\Desktop\colon-mtl\dataset_annotated_cncc\training_dataset\images\train\16965_2619986B_214328_3_HE.svs_351918_patch12.png,,False,train,16965_2619986B_214328_3_HE.svs_351918
C:\Users\saram\OneDrive\Desktop\colon-mtl\dataset_annotated_cncc\training_dataset\images\train\17338_265521_AF_91002_HE.svs_351776_patch7.png,,False,train,17338_265521_AF_91002_HE.svs_351776
C:\Users\saram\OneDrive\Desktop\colon-mtl\dataset_annotated_cncc\training_dataset\images\train\17338_265521_AF_91002_HE.svs_351776_patch9.png,,False,train,17338_265521_AF_91002_HE.svs_351776
C:\Users\saram\OneDrive\Desktop\colon-mtl\dataset_annotated_cncc\training_dataset\images\train\18115_263_156_2A_AF_HE.svs_351257_patch1.png,,False,train,18115_263_156_2A_AF_HE.svs_351257
C:\Users\saram\OneDrive\Desktop\colon-mtl\dataset_annotated_cncc\training_dataset\images\train\18115_263_156_2A_AF_HE.svs_351257_patch11.png,,False,train,18115_263_156_2A_AF_HE.svs_351257
C:\Users\saram\OneDrive\Desktop\colon-mtl\dataset_annotated_cncc\training_dataset\images\train\18115_263_156_2A_AF_HE.svs_351295_patch38.png,,False,train,18115_263_156_2A_AF_HE.svs_351295
C:\Users\saram\OneDrive\Desktop\colon-mtl\dataset_annotated_cncc\training_dataset\images\train\18115_263_156_2A_AF_HE.svs_351295_patch40.png,,False,train,18115_263_156_2A_AF_HE.svs_351295
C:\Users\saram\OneDrive\Desktop\colon-mtl\dataset_annotated_cncc\training_dataset\images\train\18115_263_156_2A_AF_HE.svs_351295_patch43.png,,False,train,18115_263_156_2A_AF_HE.svs_351295
C:\Users\saram\OneDrive\Desktop\colon-mtl\dataset_annotated_cncc\training_dataset\images\train\18115_263_156_2A_AF_HE.svs_351295_patch45.png,,False,train,18115_263_156_2A_AF_HE.svs_351295
C:\Users\saram\OneDrive\Desktop\colon-mtl\dataset_annotated_cncc\training_dataset\images\train\18115_263_156_2A_AF_HE.svs_351295_patch47.png,,False,train,18115_263_156_2A_AF_HE.svs_351295
C:\Users\saram\OneDrive\Desktop\colon-mtl\dataset_annotated_cncc\training_dataset\images\train\18115_263_156_2A_AF_HE.svs_351295_patch48.png,,False,train,18115_263_156_2A_AF_HE.svs_351295
C:\Users\saram\OneDrive\Desktop\colon-mtl\dataset_annotated_cncc\training_dataset\images\train\18115_263_156_2A_AF_HE.svs_351339_patch38.png,,False,train,18115_263_156_2A_AF_HE.svs_351339
C:\Users\saram\OneDrive\Desktop\colon-mtl\dataset_annotated_cncc\training_dataset\images\train\18115_263_156_2A_AF_HE.svs_351339_patch42.png,,False,train,18115_263_156_2A_AF_HE.svs_351339
C:\Users\saram\OneDrive\Desktop\colon-mtl\dataset_annotated_cncc\training_dataset\images\train\18115_263_156_2A_AF_HE.svs_351339_patch44.png,,False,train,18115_263_156_2A_AF_HE.svs_351339
C:\Users\saram\OneDrive\Desktop\colon-mtl\dataset_annotated_cncc\training_dataset\images\train\18115_263_156_2A_AF_HE.svs_351339_patch45.png,,False,train,18115_263_156_2A_AF_HE.svs_351339
C:\Users\saram\OneDrive\Desktop\colon-mtl\dataset_annotated_cncc\training_dataset\images\train\18115_263_156_2A_AF_HE.svs_351339_patch46.png,,False,train,18115_263_156_2A_AF_HE.svs_351339
C:\Users\saram\OneDrive\Desktop\colon-mtl\dataset_annotated_cncc\training_dataset\images\train\18487_234_no_label.svs_351159_patch12.png,,False,train,18487_234_no_label.svs_351159
C:\Users\saram\OneDrive\Desktop\colon-mtl\dataset_annotated_cncc\training_dataset\images\train\18487_234_no_label.svs_351159_patch15.png,,False,train,18487_234_no_label.svs_351159
C:\Users\saram\OneDrive\Desktop\colon-mtl\dataset_annotated_cncc\training_dataset\images\train\18487_234_no_label.svs_351159_patch4.png,,False,train,18487_234_no_label.svs_351159
C:\Users\saram\OneDrive\Desktop\colon-mtl\dataset_annotated_cncc\training_dataset\images\train\19165_265_073_AF_HE.svs_350498_patch20.png,,False,train,19165_265_073_AF_HE.svs_350498
C:\Users\saram\OneDrive\Desktop\colon-mtl\dataset_annotated_cncc\training_dataset\images\train\19165_265_073_AF_HE.svs_350498_patch21.png,,False,train,19165_265_073_AF_HE.svs_350498
C:\Users\saram\OneDrive\Desktop\colon-mtl\dataset_annotated_cncc\training_dataset\images\train\19165_265_073_AF_HE.svs_350640_patch16.png,,False,train,19165_265_073_AF_HE.svs_350640
C:\Users\saram\OneDrive\Desktop\colon-mtl\dataset_annotated_cncc\training_dataset\images\train\19165_265_073_AF_HE.svs_350640_patch17.png,,False,train,19165_265_073_AF_HE.svs_350640
C:\Users\saram\OneDrive\Desktop\colon-mtl\dataset_annotated_cncc\training_dataset\images\train\19165_265_073_AF_HE.svs_350640_patch19.png,,False,train,19165_265_073_AF_HE.svs_350640
C:\Users\saram\OneDrive\Desktop\colon-mtl\dataset_annotated_cncc\training_dataset\images\train\19165_265_073_AF_HE.svs_350640_patch2.png,,False,train,19165_265_073_AF_HE.svs_350640
C:\Users\saram\OneDrive\Desktop\colon-mtl\dataset_annotated_cncc\training_dataset\images\train\19165_265_073_AF_HE.svs_350640_patch6.png,,False,train,19165_265_073_AF_HE.svs_350640
C:\Users\saram\OneDrive\Desktop\colon-mtl\dataset_annotated_cncc\training_dataset\images\train\19165_265_073_AF_HE.svs_350640_patch9.png,,False,train,19165_265_073_AF_HE.svs_350640
C:\Users\saram\OneDrive\Desktop\colon-mtl\dataset_annotated_cncc\training_dataset\images\train\19165_265_073_AF_HE.svs_350677_patch10.png,,False,train,19165_265_073_AF_HE.svs_350677
C:\Users\saram\OneDrive\Desktop\colon-mtl\dataset_annotated_cncc\training_dataset\images\train\19165_265_073_AF_HE.svs_350677_patch8.png,,False,train,19165_265_073_AF_HE.svs_350677
C:\Users\saram\OneDrive\Desktop\colon-mtl\dataset_annotated_cncc\training_dataset\images\train\19916_255440_GB_21_1164_HE.svs_350066_patch1.png,,False,train,19916_255440_GB_21_1164_HE.svs_350066
C:\Users\saram\OneDrive\Desktop\colon-mtl\dataset_annotated_cncc\training_dataset\images\train\19916_255440_GB_21_1164_HE.svs_350104_patch0.png,,False,train,19916_255440_GB_21_1164_HE.svs_350104
C:\Users\saram\OneDrive\Desktop\colon-mtl\dataset_annotated_cncc\training_dataset\images\train\19916_255440_GB_21_1164_HE.svs_350104_patch22.png,,False,train,19916_255440_GB_21_1164_HE.svs_350104
C:\Users\saram\OneDrive\Desktop\colon-mtl\dataset_annotated_cncc\training_dataset\images\train\19916_255440_GB_21_1164_HE.svs_350104_patch8.png,,False,train,19916_255440_GB_21_1164_HE.svs_350104
C:\Users\saram\OneDrive\Desktop\colon-mtl\dataset_annotated_cncc\training_dataset\images\train\19916_255440_GB_21_1164_HE.svs_350104_patch9.png,,False,train,19916_255440_GB_21_1164_HE.svs_350104
C:\Users\saram\OneDrive\Desktop\colon-mtl\dataset_annotated_cncc\training_dataset\images\train\19916_255440_GB_21_1164_HE.svs_350141_patch10.png,,False,train,19916_255440_GB_21_1164_HE.svs_350141
C:\Users\saram\OneDrive\Desktop\colon-mtl\dataset_annotated_cncc\training_dataset\images\train\19916_255440_GB_21_1164_HE.svs_350141_patch17.png,,False,train,19916_255440_GB_21_1164_HE.svs_350141
C:\Users\saram\OneDrive\Desktop\colon-mtl\dataset_annotated_cncc\training_dataset\images\train\19916_255440_GB_21_1164_HE.svs_350141_patch19.png,,False,train,19916_255440_GB_21_1164_HE.svs_350141
C:\Users\saram\OneDrive\Desktop\colon-mtl\dataset_annotated_cncc\training_dataset\images\train\19916_255440_GB_21_1164_HE.svs_350141_patch20.png,,False,train,19916_255440_GB_21_1164_HE.svs_350141
C:\Users\saram\OneDrive\Desktop\colon-mtl\dataset_annotated_cncc\training_dataset\images\train\19916_255440_GB_21_1164_HE.svs_350141_patch21.png,,False,train,19916_255440_GB_21_1164_HE.svs_350141
C:\Users\saram\OneDrive\Desktop\colon-mtl\dataset_annotated_cncc\training_dataset\images\train\19916_255440_GB_21_1164_HE.svs_350178_patch0.png,,False,train,19916_255440_GB_21_1164_HE.svs_350178
C:\Users\saram\OneDrive\Desktop\colon-mtl\dataset_annotated_cncc\training_dataset\images\train\19916_255440_GB_21_1164_HE.svs_350222_patch13.png,,False,train,19916_255440_GB_21_1164_HE.svs_350222
C:\Users\saram\OneDrive\Desktop\colon-mtl\dataset_annotated_cncc\training_dataset\images\train\19916_255440_GB_21_1164_HE.svs_350259_patch1.png,,False,train,19916_255440_GB_21_1164_HE.svs_350259
C:\Users\saram\OneDrive\Desktop\colon-mtl\dataset_annotated_cncc\training_dataset\images\train\19916_255440_GB_21_1164_HE.svs_350259_patch11.png,,False,train,19916_255440_GB_21_1164_HE.svs_350259
C:\Users\saram\OneDrive\Desktop\colon-mtl\dataset_annotated_cncc\training_dataset\images\train\19916_255440_GB_21_1164_HE.svs_350259_patch14.png,,False,train,19916_255440_GB_21_1164_HE.svs_350259
C:\Users\saram\OneDrive\Desktop\colon-mtl\dataset_annotated_cncc\training_dataset\images\train\19916_255440_GB_21_1164_HE.svs_350259_patch17.png,,False,train,19916_255440_GB_21_1164_HE.svs_350259
C:\Users\saram\OneDrive\Desktop\colon-mtl\dataset_annotated_cncc\training_dataset\images\train\19916_255440_GB_21_1164_HE.svs_350259_patch18.png,,False,train,19916_255440_GB_21_1164_HE.svs_350259
C:\Users\saram\OneDrive\Desktop\colon-mtl\dataset_annotated_cncc\training_dataset\images\train\19916_255440_GB_21_1164_HE.svs_350259_patch19.png,,False,train,19916_255440_GB_21_1164_HE.svs_350259
C:\Users\saram\OneDrive\Desktop\colon-mtl\dataset_annotated_cncc\training_dataset\images\train\19916_255440_GB_21_1164_HE.svs_350259_patch2.png,,False,train,19916_255440_GB_21_1164_HE.svs_350259
C:\Users\saram\OneDrive\Desktop\colon-mtl\dataset_annotated_cncc\training_dataset\images\train\20301_253664_3_6B_HE.svs_349999_patch5.png,,False,train,20301_253664_3_6B_HE.svs_349999
C:\Users\saram\OneDrive\Desktop\colon-mtl\dataset_annotated_cncc\training_dataset\images\train\20301_253664_3_6B_HE.svs_349999_patch7.png,,False,train,20301_253664_3_6B_HE.svs_349999
C:\Users\saram\OneDrive\Desktop\colon-mtl\dataset_annotated_cncc\training_dataset\images\train\20301_253664_3_6B_HE.svs_349999_patch9.png,,False,train,20301_253664_3_6B_HE.svs_349999
C:\Users\saram\OneDrive\Desktop\colon-mtl\dataset_annotated_cncc\training_dataset\images\train\20301_253664_3_6B_HE.svs_350029_patch12.png,,False,train,20301_253664_3_6B_HE.svs_350029
C:\Users\saram\OneDrive\Desktop\colon-mtl\dataset_annotated_cncc\training_dataset\images\train\20301_253664_3_6B_HE.svs_350029_patch19.png,,False,train,20301_253664_3_6B_HE.svs_350029
C:\Users\saram\OneDrive\Desktop\colon-mtl\dataset_annotated_cncc\training_dataset\images\train\20652_255995_GB_HE.svs_349880_patch0.png,,False,train,20652_255995_GB_HE.svs_349880
C:\Users\saram\OneDrive\Desktop\colon-mtl\dataset_annotated_cncc\training_dataset\images\train\20652_255995_GB_HE.svs_349880_patch12.png,,False,train,20652_255995_GB_HE.svs_349880
C:\Users\saram\OneDrive\Desktop\colon-mtl\dataset_annotated_cncc\training_dataset\images\train\20652_255995_GB_HE.svs_349880_patch16.png,,False,train,20652_255995_GB_HE.svs_349880
C:\Users\saram\OneDrive\Desktop\colon-mtl\dataset_annotated_cncc\training_dataset\images\train\20652_255995_GB_HE.svs_349880_patch3.png,,False,train,20652_255995_GB_HE.svs_349880
C:\Users\saram\OneDrive\Desktop\colon-mtl\dataset_annotated_cncc\training_dataset\images\train\21350_256181_207250_HE.svs_349434_patch27.png,,False,train,21350_256181_207250_HE.svs_349434
C:\Users\saram\OneDrive\Desktop\colon-mtl\dataset_annotated_cncc\training_dataset\images\train\21350_256181_207250_HE.svs_349434_patch28.png,,False,train,21350_256181_207250_HE.svs_349434
C:\Users\saram\OneDrive\Desktop\colon-mtl\dataset_annotated_cncc\training_dataset\images\train\21350_256181_207250_HE.svs_349434_patch3.png,,False,train,21350_256181_207250_HE.svs_349434
C:\Users\saram\OneDrive\Desktop\colon-mtl\dataset_annotated_cncc\training_dataset\images\train\21350_256181_207250_HE.svs_349434_patch32.png,,False,train,21350_256181_207250_HE.svs_349434
C:\Users\saram\OneDrive\Desktop\colon-mtl\dataset_annotated_cncc\training_dataset\images\train\21350_256181_207250_HE.svs_349434_patch33.png,,False,train,21350_256181_207250_HE.svs_349434
C:\Users\saram\OneDrive\Desktop\colon-mtl\dataset_annotated_cncc\training_dataset\images\train\21350_256181_207250_HE.svs_349434_patch36.png,,False,train,21350_256181_207250_HE.svs_349434
C:\Users\saram\OneDrive\Desktop\colon-mtl\dataset_annotated_cncc\training_dataset\images\train\21350_256181_207250_HE.svs_349471_patch47.png,,False,train,21350_256181_207250_HE.svs_349471
C:\Users\saram\OneDrive\Desktop\colon-mtl\dataset_annotated_cncc\training_dataset\images\train\21350_256181_207250_HE.svs_349471_patch48.png,,False,train,21350_256181_207250_HE.svs_349471
C:\Users\saram\OneDrive\Desktop\colon-mtl\dataset_annotated_cncc\training_dataset\images\train\21350_256181_207250_HE.svs_349471_patch51.png,,False,train,21350_256181_207250_HE.svs_349471
C:\Users\saram\OneDrive\Desktop\colon-mtl\dataset_annotated_cncc\training_dataset\images\train\21350_256181_207250_HE.svs_349471_patch53.png,,False,train,21350_256181_207250_HE.svs_349471
C:\Users\saram\OneDrive\Desktop\colon-mtl\dataset_annotated_cncc\training_dataset\images\train\21350_256181_207250_HE.svs_349471_patch56.png,,False,train,21350_256181_207250_HE.svs_349471
C:\Users\saram\OneDrive\Desktop\colon-mtl\dataset_annotated_cncc\training_dataset\images\train\21350_256181_207250_HE.svs_349471_patch58.png,,False,train,21350_256181_207250_HE.svs_349471
C:\Users\saram\OneDrive\Desktop\colon-mtl\dataset_annotated_cncc\training_dataset\images\train\21350_256181_207250_HE.svs_349471_patch61.png,,False,train,21350_256181_207250_HE.svs_349471
C:\Users\saram\OneDrive\Desktop\colon-mtl\dataset_annotated_cncc\training_dataset\images\train\21350_256181_207250_HE.svs_349538_patch39.png,,False,train,21350_256181_207250_HE.svs_349538
C:\Users\saram\OneDrive\Desktop\colon-mtl\dataset_annotated_cncc\training_dataset\images\train\21350_256181_207250_HE.svs_349538_patch6.png,,False,train,21350_256181_207250_HE.svs_349538
C:\Users\saram\OneDrive\Desktop\colon-mtl\dataset_annotated_cncc\training_dataset\images\train\21776_257283_2_GB_HE.svs_349231_patch13.png,,False,train,21776_257283_2_GB_HE.svs_349231
C:\Users\saram\OneDrive\Desktop\colon-mtl\dataset_annotated_cncc\training_dataset\images\train\22134_257013_GB_208157.1_HE.svs_348920_patch5.png,,False,train,22134_257013_GB_208157.1_HE.svs_348920
C:\Users\saram\OneDrive\Desktop\colon-mtl\dataset_annotated_cncc\training_dataset\images\train\22134_257013_GB_208157.1_HE.svs_349002_patch1.png,,False,train,22134_257013_GB_208157.1_HE.svs_349002
C:\Users\saram\OneDrive\Desktop\colon-mtl\dataset_annotated_cncc\training_dataset\images\train\22134_257013_GB_208157.1_HE.svs_349002_patch10.png,,False,train,22134_257013_GB_208157.1_HE.svs_349002
C:\Users\saram\OneDrive\Desktop\colon-mtl\dataset_annotated_cncc\training_dataset\images\train\22134_257013_GB_208157.1_HE.svs_349002_patch11.png,,False,train,22134_257013_GB_208157.1_HE.svs_349002
C:\Users\saram\OneDrive\Desktop\colon-mtl\dataset_annotated_cncc\training_dataset\images\train\22134_257013_GB_208157.1_HE.svs_349002_patch13.png,,False,train,22134_257013_GB_208157.1_HE.svs_349002
C:\Users\saram\OneDrive\Desktop\colon-mtl\dataset_annotated_cncc\training_dataset\images\train\22134_257013_GB_208157.1_HE.svs_349002_patch18.png,,False,train,22134_257013_GB_208157.1_HE.svs_349002
C:\Users\saram\OneDrive\Desktop\colon-mtl\dataset_annotated_cncc\training_dataset\images\train\22134_257013_GB_208157.1_HE.svs_349046_patch79.png,,False,train,22134_257013_GB_208157.1_HE.svs_349046
C:\Users\saram\OneDrive\Desktop\colon-mtl\dataset_annotated_cncc\training_dataset\images\train\22134_257013_GB_208157.1_HE.svs_349046_patch9.png,,False,train,22134_257013_GB_208157.1_HE.svs_349046
C:\Users\saram\OneDrive\Desktop\colon-mtl\dataset_annotated_cncc\training_dataset\images\train\22134_257013_GB_208157.1_HE.svs_349083_patch10.png,,False,train,22134_257013_GB_208157.1_HE.svs_349083
C:\Users\saram\OneDrive\Desktop\colon-mtl\dataset_annotated_cncc\training_dataset\images\train\22134_257013_GB_208157.1_HE.svs_349083_patch12.png,,False,train,22134_257013_GB_208157.1_HE.svs_349083
C:\Users\saram\OneDrive\Desktop\colon-mtl\dataset_annotated_cncc\training_dataset\images\train\22134_257013_GB_208157.1_HE.svs_349083_patch14.png,,False,train,22134_257013_GB_208157.1_HE.svs_349083
C:\Users\saram\OneDrive\Desktop\colon-mtl\dataset_annotated_cncc\training_dataset\images\train\22134_257013_GB_208157.1_HE.svs_349164_patch20.png,,False,train,22134_257013_GB_208157.1_HE.svs_349164
C:\Users\saram\OneDrive\Desktop\colon-mtl\dataset_annotated_cncc\training_dataset\images\train\22134_257013_GB_208157.1_HE.svs_349164_patch21.png,,False,train,22134_257013_GB_208157.1_HE.svs_349164
C:\Users\saram\OneDrive\Desktop\colon-mtl\dataset_annotated_cncc\training_dataset\images\train\22134_257013_GB_208157.1_HE.svs_349164_patch24.png,,False,train,22134_257013_GB_208157.1_HE.svs_349164
C:\Users\saram\OneDrive\Desktop\colon-mtl\dataset_annotated_cncc\training_dataset\images\train\22134_257013_GB_208157.1_HE.svs_349164_patch26.png,,False,train,22134_257013_GB_208157.1_HE.svs_349164
C:\Users\saram\OneDrive\Desktop\colon-mtl\dataset_annotated_cncc\training_dataset\images\train\22134_257013_GB_208157.1_HE.svs_349164_patch29.png,,False,train,22134_257013_GB_208157.1_HE.svs_349164
C:\Users\saram\OneDrive\Desktop\colon-mtl\dataset_annotated_cncc\training_dataset\images\train\2234_262_77_AF_HE.svs_364273_patch15.png,,False,train,2234_262_77_AF_HE.svs_364273
C:\Users\saram\OneDrive\Desktop\colon-mtl\dataset_annotated_cncc\training_dataset\images\train\2234_262_77_AF_HE.svs_364273_patch17.png,,False,train,2234_262_77_AF_HE.svs_364273
C:\Users\saram\OneDrive\Desktop\colon-mtl\dataset_annotated_cncc\training_dataset\images\train\2234_262_77_AF_HE.svs_364273_patch2.png,,False,train,2234_262_77_AF_HE.svs_364273
C:\Users\saram\OneDrive\Desktop\colon-mtl\dataset_annotated_cncc\training_dataset\images\train\2234_262_77_AF_HE.svs_364273_patch24.png,,False,train,2234_262_77_AF_HE.svs_364273
C:\Users\saram\OneDrive\Desktop\colon-mtl\dataset_annotated_cncc\training_dataset\images\train\2234_262_77_AF_HE.svs_364273_patch3.png,,False,train,2234_262_77_AF_HE.svs_364273
C:\Users\saram\OneDrive\Desktop\colon-mtl\dataset_annotated_cncc\training_dataset\images\train\2234_262_77_AF_HE.svs_364273_patch4.png,,False,train,2234_262_77_AF_HE.svs_364273
C:\Users\saram\OneDrive\Desktop\colon-mtl\dataset_annotated_cncc\training_dataset\images\train\2234_262_77_AF_HE.svs_364273_patch6.png,,False,train,2234_262_77_AF_HE.svs_364273
C:\Users\saram\OneDrive\Desktop\colon-mtl\dataset_annotated_cncc\training_dataset\images\train\2234_262_77_AF_HE.svs_364273_patch7.png,,False,train,2234_262_77_AF_HE.svs_364273
C:\Users\saram\OneDrive\Desktop\colon-mtl\dataset_annotated_cncc\training_dataset\images\train\2234_262_77_AF_HE.svs_364317_patch10.png,,False,train,2234_262_77_AF_HE.svs_364317
C:\Users\saram\OneDrive\Desktop\colon-mtl\dataset_annotated_cncc\training_dataset\images\train\2234_262_77_AF_HE.svs_364317_patch12.png,,False,train,2234_262_77_AF_HE.svs_364317
C:\Users\saram\OneDrive\Desktop\colon-mtl\dataset_annotated_cncc\training_dataset\images\train\2234_262_77_AF_HE.svs_364354_patch25.png,,False,train,2234_262_77_AF_HE.svs_364354
C:\Users\saram\OneDrive\Desktop\colon-mtl\dataset_annotated_cncc\training_dataset\images\train\2234_262_77_AF_HE.svs_364391_patch15.png,,False,train,2234_262_77_AF_HE.svs_364391
C:\Users\saram\OneDrive\Desktop\colon-mtl\dataset_annotated_cncc\training_dataset\images\train\2234_262_77_AF_HE.svs_364472_patch4.png,,False,train,2234_262_77_AF_HE.svs_364472
C:\Users\saram\OneDrive\Desktop\colon-mtl\dataset_annotated_cncc\training_dataset\images\train\2234_262_77_AF_HE.svs_364516_patch1.png,,False,train,2234_262_77_AF_HE.svs_364516
C:\Users\saram\OneDrive\Desktop\colon-mtl\dataset_annotated_cncc\training_dataset\images\train\2234_262_77_AF_HE.svs_364516_patch12.png,,False,train,2234_262_77_AF_HE.svs_364516
C:\Users\saram\OneDrive\Desktop\colon-mtl\dataset_annotated_cncc\training_dataset\images\train\2234_262_77_AF_HE.svs_364516_patch15.png,,False,train,2234_262_77_AF_HE.svs_364516
C:\Users\saram\OneDrive\Desktop\colon-mtl\dataset_annotated_cncc\training_dataset\images\train\2234_262_77_AF_HE.svs_364516_patch17.png,,False,train,2234_262_77_AF_HE.svs_364516
C:\Users\saram\OneDrive\Desktop\colon-mtl\dataset_annotated_cncc\training_dataset\images\train\22520_257283_GB_HE.svs_348600_patch24.png,,False,train,22520_257283_GB_HE.svs_348600
C:\Users\saram\OneDrive\Desktop\colon-mtl\dataset_annotated_cncc\training_dataset\images\train\22520_257283_GB_HE.svs_348647_patch11.png,,False,train,22520_257283_GB_HE.svs_348647
C:\Users\saram\OneDrive\Desktop\colon-mtl\dataset_annotated_cncc\training_dataset\images\train\22520_257283_GB_HE.svs_348647_patch47.png,,False,train,22520_257283_GB_HE.svs_348647
C:\Users\saram\OneDrive\Desktop\colon-mtl\dataset_annotated_cncc\training_dataset\images\train\22520_257283_GB_HE.svs_348647_patch48.png,,False,train,22520_257283_GB_HE.svs_348647
C:\Users\saram\OneDrive\Desktop\colon-mtl\dataset_annotated_cncc\training_dataset\images\train\22520_257283_GB_HE.svs_348647_patch8.png,,False,train,22520_257283_GB_HE.svs_348647
C:\Users\saram\OneDrive\Desktop\colon-mtl\dataset_annotated_cncc\training_dataset\images\train\22520_257283_GB_HE.svs_348647_patch9.png,,False,train,22520_257283_GB_HE.svs_348647
C:\Users\saram\OneDrive\Desktop\colon-mtl\dataset_annotated_cncc\training_dataset\images\train\22520_257283_GB_HE.svs_348728_patch11.png,,False,train,22520_257283_GB_HE.svs_348728
C:\Users\saram\OneDrive\Desktop\colon-mtl\dataset_annotated_cncc\training_dataset\images\train\22520_257283_GB_HE.svs_348728_patch23.png,,False,train,22520_257283_GB_HE.svs_348728
C:\Users\saram\OneDrive\Desktop\colon-mtl\dataset_annotated_cncc\training_dataset\images\train\22520_257283_GB_HE.svs_348728_patch39.png,,False,train,22520_257283_GB_HE.svs_348728
C:\Users\saram\OneDrive\Desktop\colon-mtl\dataset_annotated_cncc\training_dataset\images\train\22520_257283_GB_HE.svs_348765_patch10.png,,False,train,22520_257283_GB_HE.svs_348765
C:\Users\saram\OneDrive\Desktop\colon-mtl\dataset_annotated_cncc\training_dataset\images\train\22520_257283_GB_HE.svs_348765_patch11.png,,False,train,22520_257283_GB_HE.svs_348765
C:\Users\saram\OneDrive\Desktop\colon-mtl\dataset_annotated_cncc\training_dataset\images\train\22520_257283_GB_HE.svs_348765_patch15.png,,False,train,22520_257283_GB_HE.svs_348765
C:\Users\saram\OneDrive\Desktop\colon-mtl\dataset_annotated_cncc\training_dataset\images\train\22520_257283_GB_HE.svs_348765_patch19.png,,False,train,22520_257283_GB_HE.svs_348765
C:\Users\saram\OneDrive\Desktop\colon-mtl\dataset_annotated_cncc\training_dataset\images\train\22520_257283_GB_HE.svs_348765_patch20.png,,False,train,22520_257283_GB_HE.svs_348765
C:\Users\saram\OneDrive\Desktop\colon-mtl\dataset_annotated_cncc\training_dataset\images\train\22520_257283_GB_HE.svs_348765_patch22.png,,False,train,22520_257283_GB_HE.svs_348765
C:\Users\saram\OneDrive\Desktop\colon-mtl\dataset_annotated_cncc\training_dataset\images\train\22520_257283_GB_HE.svs_348765_patch26.png,,False,train,22520_257283_GB_HE.svs_348765
C:\Users\saram\OneDrive\Desktop\colon-mtl\dataset_annotated_cncc\training_dataset\images\train\22520_257283_GB_HE.svs_348765_patch3.png,,False,train,22520_257283_GB_HE.svs_348765
C:\Users\saram\OneDrive\Desktop\colon-mtl\dataset_annotated_cncc\training_dataset\images\train\22520_257283_GB_HE.svs_348839_patch22.png,,False,train,22520_257283_GB_HE.svs_348839
C:\Users\saram\OneDrive\Desktop\colon-mtl\dataset_annotated_cncc\training_dataset\images\train\22520_257283_GB_HE.svs_348839_patch23.png,,False,train,22520_257283_GB_HE.svs_348839
C:\Users\saram\OneDrive\Desktop\colon-mtl\dataset_annotated_cncc\training_dataset\images\train\22520_257283_GB_HE.svs_348839_patch3.png,,False,train,22520_257283_GB_HE.svs_348839
C:\Users\saram\OneDrive\Desktop\colon-mtl\dataset_annotated_cncc\training_dataset\images\train\22520_257283_GB_HE.svs_348876_patch1.png,,False,train,22520_257283_GB_HE.svs_348876
C:\Users\saram\OneDrive\Desktop\colon-mtl\dataset_annotated_cncc\training_dataset\images\train\22520_257283_GB_HE.svs_348876_patch13.png,,False,train,22520_257283_GB_HE.svs_348876
C:\Users\saram\OneDrive\Desktop\colon-mtl\dataset_annotated_cncc\training_dataset\images\train\22847_257665_GB_HE.svs_348306_patch19.png,,False,train,22847_257665_GB_HE.svs_348306
C:\Users\saram\OneDrive\Desktop\colon-mtl\dataset_annotated_cncc\training_dataset\images\train\22847_257665_GB_HE.svs_348306_patch24.png,,False,train,22847_257665_GB_HE.svs_348306
C:\Users\saram\OneDrive\Desktop\colon-mtl\dataset_annotated_cncc\training_dataset\images\train\22847_257665_GB_HE.svs_348306_patch27.png,,False,train,22847_257665_GB_HE.svs_348306
C:\Users\saram\OneDrive\Desktop\colon-mtl\dataset_annotated_cncc\training_dataset\images\train\22847_257665_GB_HE.svs_348306_patch3.png,,False,train,22847_257665_GB_HE.svs_348306
C:\Users\saram\OneDrive\Desktop\colon-mtl\dataset_annotated_cncc\training_dataset\images\train\22847_257665_GB_HE.svs_348306_patch31.png,,False,train,22847_257665_GB_HE.svs_348306
C:\Users\saram\OneDrive\Desktop\colon-mtl\dataset_annotated_cncc\training_dataset\images\train\22847_257665_GB_HE.svs_348482_patch17.png,,False,train,22847_257665_GB_HE.svs_348482
C:\Users\saram\OneDrive\Desktop\colon-mtl\dataset_annotated_cncc\training_dataset\images\train\22847_257665_GB_HE.svs_348482_patch19.png,,False,train,22847_257665_GB_HE.svs_348482
C:\Users\saram\OneDrive\Desktop\colon-mtl\dataset_annotated_cncc\training_dataset\images\train\22847_257665_GB_HE.svs_348482_patch3.png,,False,train,22847_257665_GB_HE.svs_348482
C:\Users\saram\OneDrive\Desktop\colon-mtl\dataset_annotated_cncc\training_dataset\images\train\22847_257665_GB_HE.svs_348482_patch5.png,,False,train,22847_257665_GB_HE.svs_348482
C:\Users\saram\OneDrive\Desktop\colon-mtl\dataset_annotated_cncc\training_dataset\images\train\22847_257665_GB_HE.svs_348482_patch6.png,,False,train,22847_257665_GB_HE.svs_348482
C:\Users\saram\OneDrive\Desktop\colon-mtl\dataset_annotated_cncc\training_dataset\images\train\22847_257665_GB_HE.svs_348482_patch8.png,,False,train,22847_257665_GB_HE.svs_348482
C:\Users\saram\OneDrive\Desktop\colon-mtl\dataset_annotated_cncc\training_dataset\images\train\22847_257665_GB_HE.svs_348519_patch0.png,,False,train,22847_257665_GB_HE.svs_348519
C:\Users\saram\OneDrive\Desktop\colon-mtl\dataset_annotated_cncc\training_dataset\images\train\22847_257665_GB_HE.svs_348519_patch10.png,,False,train,22847_257665_GB_HE.svs_348519
C:\Users\saram\OneDrive\Desktop\colon-mtl\dataset_annotated_cncc\training_dataset\images\train\23182_257013_GB_208157_1_HE.svs_347950_patch29.png,,False,train,23182_257013_GB_208157_1_HE.svs_347950
C:\Users\saram\OneDrive\Desktop\colon-mtl\dataset_annotated_cncc\training_dataset\images\train\23182_257013_GB_208157_1_HE.svs_347950_patch33.png,,False,train,23182_257013_GB_208157_1_HE.svs_347950
C:\Users\saram\OneDrive\Desktop\colon-mtl\dataset_annotated_cncc\training_dataset\images\train\23182_257013_GB_208157_1_HE.svs_347950_patch35.png,,False,train,23182_257013_GB_208157_1_HE.svs_347950
C:\Users\saram\OneDrive\Desktop\colon-mtl\dataset_annotated_cncc\training_dataset\images\train\23182_257013_GB_208157_1_HE.svs_347950_patch37.png,,False,train,23182_257013_GB_208157_1_HE.svs_347950
C:\Users\saram\OneDrive\Desktop\colon-mtl\dataset_annotated_cncc\training_dataset\images\train\23182_257013_GB_208157_1_HE.svs_347950_patch4.png,,False,train,23182_257013_GB_208157_1_HE.svs_347950
C:\Users\saram\OneDrive\Desktop\colon-mtl\dataset_annotated_cncc\training_dataset\images\train\23182_257013_GB_208157_1_HE.svs_347950_patch40.png,,False,train,23182_257013_GB_208157_1_HE.svs_347950
C:\Users\saram\OneDrive\Desktop\colon-mtl\dataset_annotated_cncc\training_dataset\images\train\23182_257013_GB_208157_1_HE.svs_347950_patch41.png,,False,train,23182_257013_GB_208157_1_HE.svs_347950
C:\Users\saram\OneDrive\Desktop\colon-mtl\dataset_annotated_cncc\training_dataset\images\train\23182_257013_GB_208157_1_HE.svs_347950_patch5.png,,False,train,23182_257013_GB_208157_1_HE.svs_347950
C:\Users\saram\OneDrive\Desktop\colon-mtl\dataset_annotated_cncc\training_dataset\images\train\23182_257013_GB_208157_1_HE.svs_348113_patch8.png,,False,train,23182_257013_GB_208157_1_HE.svs_348113
C:\Users\saram\OneDrive\Desktop\colon-mtl\dataset_annotated_cncc\training_dataset\images\train\23182_257013_GB_208157_1_HE.svs_348113_patch9.png,,False,train,23182_257013_GB_208157_1_HE.svs_348113
C:\Users\saram\OneDrive\Desktop\colon-mtl\dataset_annotated_cncc\training_dataset\images\train\23182_257013_GB_208157_1_HE.svs_348143_patch11.png,,False,train,23182_257013_GB_208157_1_HE.svs_348143
C:\Users\saram\OneDrive\Desktop\colon-mtl\dataset_annotated_cncc\training_dataset\images\train\23182_257013_GB_208157_1_HE.svs_348143_patch12.png,,False,train,23182_257013_GB_208157_1_HE.svs_348143
C:\Users\saram\OneDrive\Desktop\colon-mtl\dataset_annotated_cncc\training_dataset\images\train\23182_257013_GB_208157_1_HE.svs_348143_patch14.png,,False,train,23182_257013_GB_208157_1_HE.svs_348143
C:\Users\saram\OneDrive\Desktop\colon-mtl\dataset_annotated_cncc\training_dataset\images\train\23182_257013_GB_208157_1_HE.svs_348143_patch15.png,,False,train,23182_257013_GB_208157_1_HE.svs_348143
C:\Users\saram\OneDrive\Desktop\colon-mtl\dataset_annotated_cncc\training_dataset\images\train\23182_257013_GB_208157_1_HE.svs_348143_patch2.png,,False,train,23182_257013_GB_208157_1_HE.svs_348143
C:\Users\saram\OneDrive\Desktop\colon-mtl\dataset_annotated_cncc\training_dataset\images\train\23598_258658_GB_55727_HE.svs_347641_patch5.png,,False,train,23598_258658_GB_55727_HE.svs_347641
C:\Users\saram\OneDrive\Desktop\colon-mtl\dataset_annotated_cncc\training_dataset\images\train\23598_258658_GB_55727_HE.svs_347641_patch7.png,,False,train,23598_258658_GB_55727_HE.svs_347641
C:\Users\saram\OneDrive\Desktop\colon-mtl\dataset_annotated_cncc\training_dataset\images\train\23598_258658_GB_55727_HE.svs_347686_patch0.png,,False,train,23598_258658_GB_55727_HE.svs_347686
C:\Users\saram\OneDrive\Desktop\colon-mtl\dataset_annotated_cncc\training_dataset\images\train\23978_258031_209612_HE.svs_347405_patch5.png,,False,train,23978_258031_209612_HE.svs_347405
C:\Users\saram\OneDrive\Desktop\colon-mtl\dataset_annotated_cncc\training_dataset\images\train\23978_258031_209612_HE.svs_347405_patch7.png,,False,train,23978_258031_209612_HE.svs_347405
C:\Users\saram\OneDrive\Desktop\colon-mtl\dataset_annotated_cncc\training_dataset\images\train\23978_258031_209612_HE.svs_347405_patch8.png,,False,train,23978_258031_209612_HE.svs_347405
C:\Users\saram\OneDrive\Desktop\colon-mtl\dataset_annotated_cncc\training_dataset\images\train\23978_258031_209612_HE.svs_347479_patch0.png,,False,train,23978_258031_209612_HE.svs_347479
C:\Users\saram\OneDrive\Desktop\colon-mtl\dataset_annotated_cncc\training_dataset\images\train\23978_258031_209612_HE.svs_347553_patch37.png,,False,train,23978_258031_209612_HE.svs_347553
C:\Users\saram\OneDrive\Desktop\colon-mtl\dataset_annotated_cncc\training_dataset\images\train\23978_258031_209612_HE.svs_347553_patch5.png,,False,train,23978_258031_209612_HE.svs_347553
C:\Users\saram\OneDrive\Desktop\colon-mtl\dataset_annotated_cncc\training_dataset\images\train\23978_258031_209612_HE.svs_347553_patch8.png,,False,train,23978_258031_209612_HE.svs_347553
C:\Users\saram\OneDrive\Desktop\colon-mtl\dataset_annotated_cncc\training_dataset\images\train\23978_258031_209612_HE.svs_347597_patch0.png,,False,train,23978_258031_209612_HE.svs_347597
C:\Users\saram\OneDrive\Desktop\colon-mtl\dataset_annotated_cncc\training_dataset\images\train\23978_258031_209612_HE.svs_347597_patch10.png,,False,train,23978_258031_209612_HE.svs_347597
C:\Users\saram\OneDrive\Desktop\colon-mtl\dataset_annotated_cncc\training_dataset\images\train\24334_260241_GB_832436_HE.svs_347242_patch12.png,,False,train,24334_260241_GB_832436_HE.svs_347242
C:\Users\saram\OneDrive\Desktop\colon-mtl\dataset_annotated_cncc\training_dataset\images\train\24334_260241_GB_832436_HE.svs_347242_patch14.png,,False,train,24334_260241_GB_832436_HE.svs_347242
C:\Users\saram\OneDrive\Desktop\colon-mtl\dataset_annotated_cncc\training_dataset\images\train\24334_260241_GB_832436_HE.svs_347242_patch16.png,,False,train,24334_260241_GB_832436_HE.svs_347242
C:\Users\saram\OneDrive\Desktop\colon-mtl\dataset_annotated_cncc\training_dataset\images\train\24334_260241_GB_832436_HE.svs_347242_patch21.png,,False,train,24334_260241_GB_832436_HE.svs_347242
C:\Users\saram\OneDrive\Desktop\colon-mtl\dataset_annotated_cncc\training_dataset\images\train\24334_260241_GB_832436_HE.svs_347242_patch23.png,,False,train,24334_260241_GB_832436_HE.svs_347242
C:\Users\saram\OneDrive\Desktop\colon-mtl\dataset_annotated_cncc\training_dataset\images\train\24675_258664_GB_210330_HE.svs_346938_patch1.png,,False,train,24675_258664_GB_210330_HE.svs_346938
C:\Users\saram\OneDrive\Desktop\colon-mtl\dataset_annotated_cncc\training_dataset\images\train\24675_258664_GB_210330_HE.svs_346938_patch13.png,,False,train,24675_258664_GB_210330_HE.svs_346938
C:\Users\saram\OneDrive\Desktop\colon-mtl\dataset_annotated_cncc\training_dataset\images\train\24675_258664_GB_210330_HE.svs_347049_patch39.png,,False,train,24675_258664_GB_210330_HE.svs_347049
C:\Users\saram\OneDrive\Desktop\colon-mtl\dataset_annotated_cncc\training_dataset\images\train\24675_258664_GB_210330_HE.svs_347049_patch40.png,,False,train,24675_258664_GB_210330_HE.svs_347049
C:\Users\saram\OneDrive\Desktop\colon-mtl\dataset_annotated_cncc\training_dataset\images\train\24675_258664_GB_210330_HE.svs_347049_patch41.png,,False,train,24675_258664_GB_210330_HE.svs_347049
C:\Users\saram\OneDrive\Desktop\colon-mtl\dataset_annotated_cncc\training_dataset\images\train\24675_258664_GB_210330_HE.svs_347049_patch43.png,,False,train,24675_258664_GB_210330_HE.svs_347049
C:\Users\saram\OneDrive\Desktop\colon-mtl\dataset_annotated_cncc\training_dataset\images\train\24675_258664_GB_210330_HE.svs_347049_patch44.png,,False,train,24675_258664_GB_210330_HE.svs_347049
C:\Users\saram\OneDrive\Desktop\colon-mtl\dataset_annotated_cncc\training_dataset\images\train\24675_258664_GB_210330_HE.svs_347049_patch45.png,,False,train,24675_258664_GB_210330_HE.svs_347049
C:\Users\saram\OneDrive\Desktop\colon-mtl\dataset_annotated_cncc\training_dataset\images\train\24675_258664_GB_210330_HE.svs_347049_patch49.png,,False,train,24675_258664_GB_210330_HE.svs_347049
C:\Users\saram\OneDrive\Desktop\colon-mtl\dataset_annotated_cncc\training_dataset\images\train\24675_258664_GB_210330_HE.svs_347049_patch5.png,,False,train,24675_258664_GB_210330_HE.svs_347049
C:\Users\saram\OneDrive\Desktop\colon-mtl\dataset_annotated_cncc\training_dataset\images\train\24675_258664_GB_210330_HE.svs_347049_patch53.png,,False,train,24675_258664_GB_210330_HE.svs_347049
C:\Users\saram\OneDrive\Desktop\colon-mtl\dataset_annotated_cncc\training_dataset\images\train\24675_258664_GB_210330_HE.svs_347093_patch7.png,,False,train,24675_258664_GB_210330_HE.svs_347093
C:\Users\saram\OneDrive\Desktop\colon-mtl\dataset_annotated_cncc\training_dataset\images\train\24675_258664_GB_210330_HE.svs_347093_patch8.png,,False,train,24675_258664_GB_210330_HE.svs_347093
C:\Users\saram\OneDrive\Desktop\colon-mtl\dataset_annotated_cncc\training_dataset\images\train\25460_265521_AF_90999_HE.svs_346371_patch11.png,,False,train,25460_265521_AF_90999_HE.svs_346371
C:\Users\saram\OneDrive\Desktop\colon-mtl\dataset_annotated_cncc\training_dataset\images\train\25460_265521_AF_90999_HE.svs_346371_patch13.png,,False,train,25460_265521_AF_90999_HE.svs_346371
C:\Users\saram\OneDrive\Desktop\colon-mtl\dataset_annotated_cncc\training_dataset\images\train\25460_265521_AF_90999_HE.svs_346371_patch18.png,,False,train,25460_265521_AF_90999_HE.svs_346371
C:\Users\saram\OneDrive\Desktop\colon-mtl\dataset_annotated_cncc\training_dataset\images\train\25460_265521_AF_90999_HE.svs_346446_patch6.png,,False,train,25460_265521_AF_90999_HE.svs_346446
C:\Users\saram\OneDrive\Desktop\colon-mtl\dataset_annotated_cncc\training_dataset\images\train\25460_265521_AF_90999_HE.svs_346476_patch14.png,,False,train,25460_265521_AF_90999_HE.svs_346476
C:\Users\saram\OneDrive\Desktop\colon-mtl\dataset_annotated_cncc\training_dataset\images\train\2576_263_053_AF_HE.svs_363857_patch7.png,,False,train,2576_263_053_AF_HE.svs_363857
C:\Users\saram\OneDrive\Desktop\colon-mtl\dataset_annotated_cncc\training_dataset\images\train\2576_263_053_AF_HE.svs_363924_patch0.png,,False,train,2576_263_053_AF_HE.svs_363924
C:\Users\saram\OneDrive\Desktop\colon-mtl\dataset_annotated_cncc\training_dataset\images\train\2576_263_053_AF_HE.svs_363924_patch10.png,,False,train,2576_263_053_AF_HE.svs_363924
C:\Users\saram\OneDrive\Desktop\colon-mtl\dataset_annotated_cncc\training_dataset\images\train\2576_263_053_AF_HE.svs_363924_patch11.png,,False,train,2576_263_053_AF_HE.svs_363924
C:\Users\saram\OneDrive\Desktop\colon-mtl\dataset_annotated_cncc\training_dataset\images\train\2576_263_053_AF_HE.svs_363924_patch12.png,,False,train,2576_263_053_AF_HE.svs_363924
C:\Users\saram\OneDrive\Desktop\colon-mtl\dataset_annotated_cncc\training_dataset\images\train\2576_263_053_AF_HE.svs_364125_patch60.png,,False,train,2576_263_053_AF_HE.svs_364125
C:\Users\saram\OneDrive\Desktop\colon-mtl\dataset_annotated_cncc\training_dataset\images\train\2576_263_053_AF_HE.svs_364125_patch61.png,,False,train,2576_263_053_AF_HE.svs_364125
C:\Users\saram\OneDrive\Desktop\colon-mtl\dataset_annotated_cncc\training_dataset\images\train\2576_263_053_AF_HE.svs_364125_patch63.png,,False,train,2576_263_053_AF_HE.svs_364125
C:\Users\saram\OneDrive\Desktop\colon-mtl\dataset_annotated_cncc\training_dataset\images\train\2576_263_053_AF_HE.svs_364199_patch25.png,,False,train,2576_263_053_AF_HE.svs_364199
C:\Users\saram\OneDrive\Desktop\colon-mtl\dataset_annotated_cncc\training_dataset\images\train\2576_263_053_AF_HE.svs_364199_patch29.png,,False,train,2576_263_053_AF_HE.svs_364199
C:\Users\saram\OneDrive\Desktop\colon-mtl\dataset_annotated_cncc\training_dataset\images\train\2576_263_053_AF_HE.svs_364199_patch3.png,,False,train,2576_263_053_AF_HE.svs_364199
C:\Users\saram\OneDrive\Desktop\colon-mtl\dataset_annotated_cncc\training_dataset\images\train\26164_262571_AF_HE.svs_346059_patch38.png,,False,train,26164_262571_AF_HE.svs_346059
C:\Users\saram\OneDrive\Desktop\colon-mtl\dataset_annotated_cncc\training_dataset\images\train\26164_262571_AF_HE.svs_346059_patch39.png,,False,train,26164_262571_AF_HE.svs_346059
C:\Users\saram\OneDrive\Desktop\colon-mtl\dataset_annotated_cncc\training_dataset\images\train\26164_262571_AF_HE.svs_346059_patch46.png,,False,train,26164_262571_AF_HE.svs_346059
C:\Users\saram\OneDrive\Desktop\colon-mtl\dataset_annotated_cncc\training_dataset\images\train\26164_262571_AF_HE.svs_346059_patch48.png,,False,train,26164_262571_AF_HE.svs_346059
C:\Users\saram\OneDrive\Desktop\colon-mtl\dataset_annotated_cncc\training_dataset\images\train\26164_262571_AF_HE.svs_346141_patch11.png,,False,train,26164_262571_AF_HE.svs_346141
C:\Users\saram\OneDrive\Desktop\colon-mtl\dataset_annotated_cncc\training_dataset\images\train\26164_262571_AF_HE.svs_346141_patch12.png,,False,train,26164_262571_AF_HE.svs_346141
C:\Users\saram\OneDrive\Desktop\colon-mtl\dataset_annotated_cncc\training_dataset\images\train\26164_262571_AF_HE.svs_346141_patch24.png,,False,train,26164_262571_AF_HE.svs_346141
